name,surname,login,fk_salon
Eugene,Calhujn,1000,49
Matthew,Jackson,1001,42
Julia,Bradley,1002,7
Julia,Acosta,1003,39
Julie,Hodge,1004,24
Rebecca,Schaefer,1005,26
John,Sanchez,1006,42
Bridget,Coleman,1007,3
Cynthia,Harrington,1008,10
Roy,Lowe,1009,6
Craig,Ford,1010,21
Shannon,Mcclain,1011,31
Kimberly,Miller,1012,2
Heather,Huerta,1013,31
Adam,Smith,1014,0
Brian,Reed,1015,4
Emily,Garcia,1016,2
Andrea,Hancock,1017,12
Michael,Bennett,1018,23
Laurie,Hernandez,1019,32
Amanda,Gordon,1020,22
Justin,Russell,1021,7
Timothy,Bell,1022,47
Jennifer,Wilson,1023,22
Matthew,Lewis,1024,25
Kristina,Johnson,1025,18
Nathaniel,Soto,1026,8
Danielle,Anderson,1027,18
Terry,Abbott,1028,33
David,Stanley,1029,9
Michael,Lynn,1030,44
Douglas,Williams,1031,5
David,Jones,1032,34
Samantha,Mendez,1033,47
Jerry,Berry,1034,40
Katherine,Perez,1035,36
Brianna,Lawrence,1036,20
Stephanie,Houston,1037,11
Jimmy,Hendricks,1038,13
Christian,Booth,1039,49
Cheryl,Ramos,1040,22
Sherry,Smith,1041,37
Kimberly,Lambert,1042,28
Kathryn,Hudson,1043,41
Barbara,Wilson,1044,25
John,Knight,1045,14
Preston,Smith,1046,23
Sonya,Wise,1047,46
Timothy,Johnson,1048,34
Jason,Atkinson,1049,36
Hannah,Wright,1050,36
James,Choi,1051,24
Valerie,Chen,1052,21
John,Clark,1053,5
Amanda,Ayers,1054,38
Edward,Gonzalez,1055,35
Kimberly,Taylor,1056,31
Joseph,Murphy,1057,42
Cynthia,Martinez,1058,47
Dennis,Johnson,1059,43
Elizabeth,Gilbert,1060,21
Diana,Rodriguez,1061,1
Scott,Allison,1062,0
Ms.,Tiffany,1063,32
Jennifer,Vaughn,1064,49
Jill,Wang,1065,31
Sara,Bryant,1066,2
Fred,Young,1067,23
Curtis,Lee,1068,1
Lynn,Graham,1069,19
Laura,Nash,1070,37
Jennifer,Cardenas,1071,31
William,Davis,1072,13
Christopher,Rodriguez,1073,26
Jessica,Elliott,1074,33
Edgar,Young,1075,30
Kelly,Gutierrez,1076,25
Martin,Miller,1077,22
Amanda,Campos,1078,8
Kelly,Simpson,1079,13
Brendan,Gonzalez,1080,28
Ronald,Murray,1081,47
Diana,Compton,1082,34
Shannon,Brown,1083,38
Patricia,Hogan,1084,31
Samantha,Porter,1085,12
Cory,Williams,1086,5
Mark,Russell,1087,2
Jennifer,Cardenas,1088,23
Jennifer,Mcmillan,1089,14
Jonathan,Hudson,1090,39
Mr.,Bernard,1091,9
Brandi,Hamilton,1092,14
Christopher,Bennett,1093,17
Terri,Baldwin,1094,45
Joshua,Bailey,1095,20
Angela,Campbell,1096,3
Adam,Baker,1097,34
Mark,Hopkins,1098,8
Denise,Clark,1099,39
Joe,Daniels,1100,32
Bruce,Olson,1101,16
Lisa,Johnson,1102,20
Joseph,Horton,1103,45
Elizabeth,Rogers,1104,19
Stacy,Ramos,1105,46
Madeline,Love,1106,21
Shawn,Roy,1107,39
Jeremiah,Lewis,1108,48
Anna,Fry,1109,4
Matthew,Macias,1110,31
Dana,Hinton,1111,37
Monica,Stone,1112,34
Timothy,Santos,1113,23
Steven,Simmons,1114,9
Cynthia,Baker,1115,7
Joseph,Edwards,1116,11
Mark,Sullivan,1117,47
Joshua,Christian,1118,24
Luis,Hayes,1119,31
Larry,Davis,1120,49
Thomas,Hernandez,1121,47
Donna,Gomez,1122,3
Courtney,Watkins,1123,46
Denise,Kerr,1124,2
Thomas,Green,1125,13
Charles,Solomon,1126,48
Jessica,Meyers,1127,5
Christopher,Graham,1128,11
Stephen,Young,1129,19
Brooke,Jones,1130,6
Bryan,Boyd,1131,0
Aaron,Peters,1132,37
Andrew,Taylor,1133,48
Jamie,Stewart,1134,35
Jennifer,Archer,1135,1
Jessica,Moore,1136,0
Thomas,Garza,1137,44
Dr.,John,1138,8
Troy,Henson,1139,20
Aaron,Aguilar,1140,21
David,Shah,1141,24
Glenn,Carr,1142,19
Julie,Hunter,1143,37
Kelsey,Olson,1144,47
Julie,Wilson,1145,15
Martin,Smith,1146,41
Andrea,Lopez,1147,23
Kevin,Duncan,1148,24
James,Miller,1149,11
Aaron,Meyer,1150,40
Timothy,Williams,1151,7
Kara,Gonzalez,1152,9
Timothy,Bryant,1153,14
George,Baker,1154,19
Jamie,Young,1155,5
Heather,Barrett,1156,13
Cody,Green,1157,6
Hannah,Smith,1158,17
Catherine,Gonzalez,1159,15
Amanda,Carter,1160,38
Douglas,Chapman,1161,47
Neil,Wade,1162,11
Danielle,Johnson,1163,43
Lisa,Barron,1164,16
Ashley,Hughes,1165,39
Nicole,Freeman,1166,36
Lori,Smith,1167,34
Jennifer,Costa,1168,5
Joshua,Andrade,1169,21
Karen,Davis,1170,19
Lucas,Brown,1171,3
Anthony,Webb,1172,38
Shane,King,1173,8
Tammy,Davenport,1174,10
Kimberly,Yates,1175,40
Ryan,Ballard,1176,17
Caitlin,Abbott,1177,1
Michelle,Mcconnell,1178,27
Ashley,Pittman,1179,44
Jose,Perez,1180,13
Brandon,Weiss,1181,16
Misty,Robinson,1182,32
Suzanne,Collier,1183,43
Thomas,Rodriguez,1184,36
Traci,Hubbard,1185,42
Douglas,Williams,1186,12
Christopher,Nielsen,1187,12
Joseph,Fleming,1188,25
Carolyn,Lopez,1189,47
Vincent,Mitchell,1190,13
Linda,Williams,1191,42
Larry,Martin,1192,5
Brian,Perez,1193,0
John,Villa,1194,45
Victoria,Flores,1195,20
Christine,Moreno,1196,37
Rebecca,Carroll,1197,34
Sally,Bowen,1198,23
Elijah,Butler,1199,15
Grace,Parsons,1200,45
Jason,Smith,1201,19
Shari,Davis,1202,11
Jennifer,Moreno,1203,14
Jonathan,Roy,1204,19
Melanie,Mcguire,1205,42
Laura,Dixon,1206,0
Scott,Hamilton,1207,31
Jose,Collins,1208,7
Robert,Huber,1209,30
Angela,Snyder,1210,40
Christopher,Cervantes,1211,32
Michael,Jones,1212,25
Felicia,Bonilla,1213,11
Kathryn,Chavez,1214,26
Charles,Hart,1215,22
Barbara,Williams,1216,34
Carlos,Thompson,1217,35
Nicole,Adams,1218,14
Paige,Mcfarland,1219,29
Michelle,Jarvis,1220,25
Patricia,Wilson,1221,29
Brittany,Evans,1222,14
Krystal,Young,1223,15
Andre,Allen,1224,40
Heather,Garcia,1225,13
Sarah,Collins,1226,55
Tonya,Brown,1227,34
Lynn,Evans,1228,39
Mr.,Andrew,1229,47
Diane,Baker,1230,53
Tony,Whitehead,1231,11
Andrew,Mitchell,1232,13
George,Dunn,1233,7
Penny,Berry,1234,28
Patrick,Cantrell,1235,31
Joanna,Johnson,1236,36
Kimberly,Ford,1237,9
Lori,Smith,1238,12
James,Frazier,1239,29
Rachel,Bartlett,1240,3
Judy,Bailey,1241,21
Matthew,Krause,1242,26
Brenda,Stanley,1243,3
Omar,Thomas,1244,0
Gary,Fisher,1245,52
Sarah,Andrews,1246,33
Larry,Parker,1247,16
Brian,Vance,1248,30
James,Smith,1249,55
